areaCode,areaName,areaType,date,newCasesBySpecimenDate,newDeaths28DaysByDeathDate,newPeopleVaccinatedFirstDoseByPublishDate,newPeopleVaccinatedSecondDoseByPublishDate,newPeopleVaccinatedThirdInjectionByPublishDate
K02000001,United Kingdom,overview,2022-05-15,7099,36,,,
K02000001,United Kingdom,overview,2022-05-14,5680,48,,,
K02000001,United Kingdom,overview,2022-05-13,6691,60,,,
K02000001,United Kingdom,overview,2022-05-12,7533,86,,,
K02000001,United Kingdom,overview,2022-05-11,8617,86,6801,8001,21214
K02000001,United Kingdom,overview,2022-05-10,9648,106,7224,7909,20139
K02000001,United Kingdom,overview,2022-05-09,10655,102,5910,7601,18260
K02000001,United Kingdom,overview,2022-05-08,9030,103,10662,7490,8799
K02000001,United Kingdom,overview,2022-05-07,7506,132,24460,15741,20675
K02000001,United Kingdom,overview,2022-05-06,8913,117,9588,9434,19600
K02000001,United Kingdom,overview,2022-05-05,10186,133,8238,7997,20656
K02000001,United Kingdom,overview,2022-05-04,11656,130,9080,8684,23403
K02000001,United Kingdom,overview,2022-05-03,13284,139,7587,6536,16528
K02000001,United Kingdom,overview,2022-05-02,11881,154,5636,2693,4427
K02000001,United Kingdom,overview,2022-05-01,9022,171,12021,6142,7530
K02000001,United Kingdom,overview,2022-04-30,8352,176,27465,15009,18470
K02000001,United Kingdom,overview,2022-04-29,9992,176,11491,9533,19379
K02000001,United Kingdom,overview,2022-04-28,11586,183,11079,9624,22713
K02000001,United Kingdom,overview,2022-04-27,13037,187,9609,8324,23205
K02000001,United Kingdom,overview,2022-04-26,14551,181,9541,8424,19910
K02000001,United Kingdom,overview,2022-04-25,17104,185,8959,7976,16164
K02000001,United Kingdom,overview,2022-04-24,14713,178,15624,8241,10588
K02000001,United Kingdom,overview,2022-04-23,13203,200,31918,16861,20044
K02000001,United Kingdom,overview,2022-04-22,15689,216,15821,10316,16415
K02000001,United Kingdom,overview,2022-04-21,18442,208,17230,10706,18064
K02000001,United Kingdom,overview,2022-04-20,21429,238,14416,10974,18275
K02000001,United Kingdom,overview,2022-04-19,26260,204,15137,11105,16563
K02000001,United Kingdom,overview,2022-04-18,25178,248,6040,3541,4590
K02000001,United Kingdom,overview,2022-04-17,20134,252,4823,2643,2963
K02000001,United Kingdom,overview,2022-04-16,19912,254,18165,11301,11888
K02000001,United Kingdom,overview,2022-04-15,21605,249,11444,5516,6216
K02000001,United Kingdom,overview,2022-04-14,26627,271,22841,13397,19527
K02000001,United Kingdom,overview,2022-04-13,31654,288,19404,12621,19094
K02000001,United Kingdom,overview,2022-04-12,33732,282,17501,11541,17789
K02000001,United Kingdom,overview,2022-04-11,37346,258,15946,11969,17329
K02000001,United Kingdom,overview,2022-04-10,30926,282,15276,8900,10246
K02000001,United Kingdom,overview,2022-04-09,27869,263,25179,15933,18421
K02000001,United Kingdom,overview,2022-04-08,32958,301,12200,11673,17388
K02000001,United Kingdom,overview,2022-04-07,38661,291,11340,11097,16153
K02000001,United Kingdom,overview,2022-04-06,44713,271,12369,10590,16210
K02000001,United Kingdom,overview,2022-04-05,49066,270,11373,9877,14430
K02000001,United Kingdom,overview,2022-04-04,53754,252,11137,10355,14726
K02000001,United Kingdom,overview,2022-04-03,42181,263,7500,9079,9172
K02000001,United Kingdom,overview,2022-04-02,37593,279,10890,16918,17148
K02000001,United Kingdom,overview,2022-04-01,47478,255,4992,11708,15723
K02000001,United Kingdom,overview,2022-03-31,54781,262,5035,12548,16526
K02000001,United Kingdom,overview,2022-03-30,73664,245,5513,12584,16723
K02000001,United Kingdom,overview,2022-03-29,80138,245,4865,11424,15127
K02000001,United Kingdom,overview,2022-03-28,92901,229,4823,10970,14727
K02000001,United Kingdom,overview,2022-03-27,68325,228,7627,8042,7517
K02000001,United Kingdom,overview,2022-03-26,61460,219,10716,18803,17336
K02000001,United Kingdom,overview,2022-03-25,72439,226,5686,13326,18120
K02000001,United Kingdom,overview,2022-03-24,82903,214,5094,11725,16799
K02000001,United Kingdom,overview,2022-03-23,94177,207,0,4283,18010
K02000001,United Kingdom,overview,2022-03-22,99090,227,4631,11840,18111
K02000001,United Kingdom,overview,2022-03-21,109313,185,4505,12060,17415
K02000001,United Kingdom,overview,2022-03-20,81059,203,7006,9708,10873
K02000001,United Kingdom,overview,2022-03-19,67426,197,10237,19104,20493
K02000001,United Kingdom,overview,2022-03-18,75303,207,4343,14641,20152
K02000001,United Kingdom,overview,2022-03-17,82856,191,4201,14729,19817
K02000001,United Kingdom,overview,2022-03-16,91781,184,4009,14046,18812
K02000001,United Kingdom,overview,2022-03-15,93670,158,4262,14579,20333
K02000001,United Kingdom,overview,2022-03-14,99859,186,4763,16929,24595
K02000001,United Kingdom,overview,2022-03-13,75735,154,3851,10520,11771
K02000001,United Kingdom,overview,2022-03-12,62061,145,8047,19735,22605
K02000001,United Kingdom,overview,2022-03-11,67038,145,4438,14366,20330
K02000001,United Kingdom,overview,2022-03-10,70506,153,4765,14282,20616
K02000001,United Kingdom,overview,2022-03-09,73521,143,5196,15331,21246
K02000001,United Kingdom,overview,2022-03-08,70122,150,4564,14655,20095
K02000001,United Kingdom,overview,2022-03-07,68540,149,4596,13522,19321
K02000001,United Kingdom,overview,2022-03-06,49022,131,4059,9894,14402
K02000001,United Kingdom,overview,2022-03-05,38751,127,8168,18808,25672
K02000001,United Kingdom,overview,2022-03-04,41395,133,6688,16561,25251
K02000001,United Kingdom,overview,2022-03-03,43741,157,6347,17629,30183
K02000001,United Kingdom,overview,2022-03-02,46161,162,7448,14410,23626
K02000001,United Kingdom,overview,2022-03-01,44779,133,5810,15004,22679
K02000001,United Kingdom,overview,2022-02-28,44633,145,5788,14302,23428
K02000001,United Kingdom,overview,2022-02-27,31360,136,4841,10606,15710
K02000001,United Kingdom,overview,2022-02-26,25088,135,9471,19652,28468
K02000001,United Kingdom,overview,2022-02-25,27838,145,8109,16370,29215
K02000001,United Kingdom,overview,2022-02-24,30615,169,7963,15838,26176
K02000001,United Kingdom,overview,2022-02-23,36461,146,8985,17951,29782
K02000001,United Kingdom,overview,2022-02-22,39143,141,8291,17904,30605
K02000001,United Kingdom,overview,2022-02-21,45112,145,7411,16008,29154
K02000001,United Kingdom,overview,2022-02-20,37681,165,5470,10564,18602
K02000001,United Kingdom,overview,2022-02-19,34645,156,10773,20776,32876
K02000001,United Kingdom,overview,2022-02-18,33236,157,5886,14700,25678
K02000001,United Kingdom,overview,2022-02-17,44692,160,9254,21378,34578
K02000001,United Kingdom,overview,2022-02-16,51546,170,10914,21914,34980
K02000001,United Kingdom,overview,2022-02-15,52489,174,9091,19482,57802
K02000001,United Kingdom,overview,2022-02-14,54683,191,8107,18172,32050
K02000001,United Kingdom,overview,2022-02-13,41734,174,7494,13623,19000
K02000001,United Kingdom,overview,2022-02-12,37427,166,15181,26309,40102
K02000001,United Kingdom,overview,2022-02-11,44556,164,11075,25884,42691
K02000001,United Kingdom,overview,2022-02-10,52279,182,11614,26290,34203
K02000001,United Kingdom,overview,2022-02-09,64302,182,10523,24725,32476
K02000001,United Kingdom,overview,2022-02-08,69623,189,10804,24721,31720
K02000001,United Kingdom,overview,2022-02-07,76461,180,10106,22861,32627
K02000001,United Kingdom,overview,2022-02-06,60536,209,8321,16605,19805
K02000001,United Kingdom,overview,2022-02-05,52299,219,14794,28195,37698
K02000001,United Kingdom,overview,2022-02-04,63188,195,15151,29181,37896
K02000001,United Kingdom,overview,2022-02-03,76613,230,13343,26099,38913
K02000001,United Kingdom,overview,2022-02-02,88400,249,12466,27274,39037
K02000001,United Kingdom,overview,2022-02-01,93762,264,12735,26367,37984
K02000001,United Kingdom,overview,2022-01-31,104923,259,15329,24275,39062
K02000001,United Kingdom,overview,2022-01-30,87557,245,11684,27601,33699
K02000001,United Kingdom,overview,2022-01-29,73503,261,18946,40329,54001
K02000001,United Kingdom,overview,2022-01-28,84018,258,16949,33935,57423
K02000001,United Kingdom,overview,2022-01-27,96181,302,15706,29948,52956
K02000001,United Kingdom,overview,2022-01-26,108650,264,15358,30919,54464
K02000001,United Kingdom,overview,2022-01-25,113154,245,13936,28788,53542
K02000001,United Kingdom,overview,2022-01-24,127329,280,16005,29833,55877
K02000001,United Kingdom,overview,2022-01-23,102326,256,12266,30710,42724
K02000001,United Kingdom,overview,2022-01-22,81714,282,20378,47765,73223
K02000001,United Kingdom,overview,2022-01-21,91560,306,17532,34034,71468
K02000001,United Kingdom,overview,2022-01-20,100314,256,17806,33674,65203
K02000001,United Kingdom,overview,2022-01-19,111747,281,16949,29893,66770
K02000001,United Kingdom,overview,2022-01-18,118735,288,18032,29434,75088
K02000001,United Kingdom,overview,2022-01-17,131505,296,15748,26502,73267
K02000001,United Kingdom,overview,2022-01-16,98073,293,17700,37116,61096
K02000001,United Kingdom,overview,2022-01-15,77925,296,27409,58050,108792
K02000001,United Kingdom,overview,2022-01-14,86314,280,20878,31182,111704
K02000001,United Kingdom,overview,2022-01-13,96380,284,20521,32197,111849
K02000001,United Kingdom,overview,2022-01-12,103209,260,19520,30340,126632
K02000001,United Kingdom,overview,2022-01-11,115218,269,19276,28790,139584
K02000001,United Kingdom,overview,2022-01-10,132813,278,17954,26728,149495
K02000001,United Kingdom,overview,2022-01-09,95758,272,22205,31360,141495
K02000001,United Kingdom,overview,2022-01-08,93601,243,31689,51715,235005
K02000001,United Kingdom,overview,2022-01-07,120274,251,23422,35627,221520
K02000001,United Kingdom,overview,2022-01-06,173467,257,22741,34688,231856
K02000001,United Kingdom,overview,2022-01-05,222133,214,29030,41664,247478
K02000001,United Kingdom,overview,2022-01-04,275618,220,24866,40887,222824
K02000001,United Kingdom,overview,2022-01-03,229869,179,19158,29295,141825
K02000001,United Kingdom,overview,2022-01-02,181062,177,12449,16485,111491
K02000001,United Kingdom,overview,2022-01-01,118206,181,2277,2758,18872
K02000001,United Kingdom,overview,2021-12-31,188554,169,15384,22070,167060
K02000001,United Kingdom,overview,2021-12-30,236564,191,33371,44107,397554
K02000001,United Kingdom,overview,2021-12-29,272762,125,32607,43766,435293
K02000001,United Kingdom,overview,2021-12-28,212959,168,23859,29534,325087
K02000001,United Kingdom,overview,2021-12-27,194983,143,18191,23706,273485
K02000001,United Kingdom,overview,2021-12-26,116261,116,1935,2084,22983
K02000001,United Kingdom,overview,2021-12-25,70357,108,955,917,10480
K02000001,United Kingdom,overview,2021-12-24,137262,126,10770,13968,169369
K02000001,United Kingdom,overview,2021-12-23,160618,132,32605,44046,605561
K02000001,United Kingdom,overview,2021-12-22,162045,126,39309,53154,840038
K02000001,United Kingdom,overview,2021-12-21,150271,99,39955,54085,968665
K02000001,United Kingdom,overview,2021-12-20,133946,125,39793,50938,897979
K02000001,United Kingdom,overview,2021-12-19,89127,102,33151,39904,846466
K02000001,United Kingdom,overview,2021-12-18,88878,107,38329,45898,940606
K02000001,United Kingdom,overview,2021-12-17,95868,129,32890,42286,852521
K02000001,United Kingdom,overview,2021-12-16,106038,107,32677,42497,861306
K02000001,United Kingdom,overview,2021-12-15,112678,113,28067,38794,745183
K02000001,United Kingdom,overview,2021-12-14,102756,128,34082,37888,656711
K02000001,United Kingdom,overview,2021-12-13,87159,104,19671,29407,513722
K02000001,United Kingdom,overview,2021-12-12,53141,122,23317,30195,397532
K02000001,United Kingdom,overview,2021-12-11,48593,96,26291,38984,550253
K02000001,United Kingdom,overview,2021-12-10,52479,109,22063,31962,428961
K02000001,United Kingdom,overview,2021-12-09,56978,125,24039,33824,469479
K02000001,United Kingdom,overview,2021-12-08,58797,113,21700,29437,414645
K02000001,United Kingdom,overview,2021-12-07,56232,121,23512,28375,391050
K02000001,United Kingdom,overview,2021-12-06,59665,137,19979,25012,329165
K02000001,United Kingdom,overview,2021-12-05,41015,111,21955,27166,290165
K02000001,United Kingdom,overview,2021-12-04,38780,147,26914,37798,464616
K02000001,United Kingdom,overview,2021-12-03,45662,133,23264,29811,388978
K02000001,United Kingdom,overview,2021-12-02,50311,107,25848,30976,420910
K02000001,United Kingdom,overview,2021-12-01,54814,124,26028,32356,407851
K02000001,United Kingdom,overview,2021-11-30,55687,96,30539,32157,392589
K02000001,United Kingdom,overview,2021-11-29,56290,124,22391,26092,318671
K02000001,United Kingdom,overview,2021-11-28,39692,119,21493,29445,285335
K02000001,United Kingdom,overview,2021-11-27,33290,107,23808,32866,465111
K02000001,United Kingdom,overview,2021-11-26,39326,132,20314,23665,366762
K02000001,United Kingdom,overview,2021-11-25,43413,137,23579,22823,396081
K02000001,United Kingdom,overview,2021-11-24,46760,116,24579,23439,378946
K02000001,United Kingdom,overview,2021-11-23,48186,143,26822,22002,365152
K02000001,United Kingdom,overview,2021-11-22,50725,120,23258,18517,308166
K02000001,United Kingdom,overview,2021-11-21,37245,106,16424,13892,237995
K02000001,United Kingdom,overview,2021-11-20,35327,130,26013,24193,463064
K02000001,United Kingdom,overview,2021-11-19,39590,124,27084,21607,363884
K02000001,United Kingdom,overview,2021-11-18,44055,136,28880,20650,387057
K02000001,United Kingdom,overview,2021-11-17,45888,126,33092,22120,384421
K02000001,United Kingdom,overview,2021-11-16,46421,153,31431,19874,347557
K02000001,United Kingdom,overview,2021-11-15,50946,174,32046,18055,286582
K02000001,United Kingdom,overview,2021-11-14,35507,127,22938,17048,217349
K02000001,United Kingdom,overview,2021-11-13,32881,136,33527,24325,461985
K02000001,United Kingdom,overview,2021-11-12,37757,149,34338,22048,357774
K02000001,United Kingdom,overview,2021-11-11,40986,143,36383,22485,370989
K02000001,United Kingdom,overview,2021-11-10,42933,148,119188,47766,532238
K02000001,United Kingdom,overview,2021-11-09,42242,150,39836,21199,340294
K02000001,United Kingdom,overview,2021-11-08,44122,154,33559,20361,277578
K02000001,United Kingdom,overview,2021-11-07,30584,168,25840,14610,209885
K02000001,United Kingdom,overview,2021-11-06,27433,169,36748,24500,422882
K02000001,United Kingdom,overview,2021-11-05,30314,160,43491,22633,322703
K02000001,United Kingdom,overview,2021-11-04,33653,156,43731,20482,334398
K02000001,United Kingdom,overview,2021-11-03,35975,165,41242,17965,359834
K02000001,United Kingdom,overview,2021-11-02,38010,158,46663,20922,296670
K02000001,United Kingdom,overview,2021-11-01,45104,177,37695,19214,240943
K02000001,United Kingdom,overview,2021-10-31,34803,188,27402,13449,163949
K02000001,United Kingdom,overview,2021-10-30,33559,169,36052,25401,372414
K02000001,United Kingdom,overview,2021-10-29,40242,171,40967,22279,285228
K02000001,United Kingdom,overview,2021-10-28,41374,192,44702,23723,297656
K02000001,United Kingdom,overview,2021-10-27,43040,162,44082,21577,289514
K02000001,United Kingdom,overview,2021-10-26,42115,165,41083,23031,264468
K02000001,United Kingdom,overview,2021-10-25,47451,134,37809,21446,244992
K02000001,United Kingdom,overview,2021-10-24,35759,152,25747,18082,170505
K02000001,United Kingdom,overview,2021-10-23,35097,165,40092,30243,370429
K02000001,United Kingdom,overview,2021-10-22,40658,136,46250,26170,298685
K02000001,United Kingdom,overview,2021-10-21,45194,157,48732,26828,
K02000001,United Kingdom,overview,2021-10-20,51652,155,49080,26365,
K02000001,United Kingdom,overview,2021-10-19,52513,129,42902,32767,
K02000001,United Kingdom,overview,2021-10-18,57732,127,39672,23579,
K02000001,United Kingdom,overview,2021-10-17,43747,129,17837,17265,
K02000001,United Kingdom,overview,2021-10-16,37875,133,28999,33483,
K02000001,United Kingdom,overview,2021-10-15,43548,139,40763,29432,
K02000001,United Kingdom,overview,2021-10-14,46414,149,43489,27991,
K02000001,United Kingdom,overview,2021-10-13,47767,121,38726,29481,
K02000001,United Kingdom,overview,2021-10-12,48301,115,36847,26946,
K02000001,United Kingdom,overview,2021-10-11,50285,126,29172,23632,
K02000001,United Kingdom,overview,2021-10-10,36406,96,22106,19451,
K02000001,United Kingdom,overview,2021-10-09,32296,117,31395,33477,
K02000001,United Kingdom,overview,2021-10-08,35597,120,31685,29068,
K02000001,United Kingdom,overview,2021-10-07,38463,123,33029,28656,
K02000001,United Kingdom,overview,2021-10-06,39257,104,32828,28576,
K02000001,United Kingdom,overview,2021-10-05,39264,120,41347,28572,
K02000001,United Kingdom,overview,2021-10-04,43727,103,37671,29337,
K02000001,United Kingdom,overview,2021-10-03,32051,97,24123,21532,
K02000001,United Kingdom,overview,2021-10-02,26309,110,31066,34391,
K02000001,United Kingdom,overview,2021-10-01,29051,129,38180,34289,
K02000001,United Kingdom,overview,2021-09-30,32588,113,34372,34459,
K02000001,United Kingdom,overview,2021-09-29,34819,126,31539,34093,
K02000001,United Kingdom,overview,2021-09-28,36540,108,31853,33532,
K02000001,United Kingdom,overview,2021-09-27,41579,116,24919,33177,
K02000001,United Kingdom,overview,2021-09-26,32064,98,15984,25539,
K02000001,United Kingdom,overview,2021-09-25,28560,125,24296,47118,
K02000001,United Kingdom,overview,2021-09-24,32096,126,27617,44759,
K02000001,United Kingdom,overview,2021-09-23,35838,139,25083,44588,
K02000001,United Kingdom,overview,2021-09-22,36749,151,22679,44047,
K02000001,United Kingdom,overview,2021-09-21,38836,122,20384,43406,
K02000001,United Kingdom,overview,2021-09-20,40756,139,20150,46342,
K02000001,United Kingdom,overview,2021-09-19,31085,125,13840,35157,
K02000001,United Kingdom,overview,2021-09-18,26639,124,26198,72497,
K02000001,United Kingdom,overview,2021-09-17,29464,176,20778,60384,
K02000001,United Kingdom,overview,2021-09-16,29548,151,23051,63973,
K02000001,United Kingdom,overview,2021-09-15,30378,145,24402,63290,
K02000001,United Kingdom,overview,2021-09-14,31417,154,17645,66725,
K02000001,United Kingdom,overview,2021-09-13,34651,110,19428,60653,
K02000001,United Kingdom,overview,2021-09-12,24053,144,14955,52615,
K02000001,United Kingdom,overview,2021-09-11,23531,138,27913,98059,
K02000001,United Kingdom,overview,2021-09-10,29175,146,26064,91811,
K02000001,United Kingdom,overview,2021-09-09,33965,167,25774,96702,
K02000001,United Kingdom,overview,2021-09-08,35839,141,25131,87960,
K02000001,United Kingdom,overview,2021-09-07,38610,155,26624,85848,
K02000001,United Kingdom,overview,2021-09-06,44915,138,22698,80015,
K02000001,United Kingdom,overview,2021-09-05,31799,157,21795,73193,
K02000001,United Kingdom,overview,2021-09-04,31804,135,41054,128553,
K02000001,United Kingdom,overview,2021-09-03,38626,148,35266,110590,
K02000001,United Kingdom,overview,2021-09-02,42310,129,40002,119375,
K02000001,United Kingdom,overview,2021-09-01,43515,118,44088,113385,
K02000001,United Kingdom,overview,2021-08-31,45206,117,39899,119402,
K02000001,United Kingdom,overview,2021-08-30,34755,107,19643,66648,
K02000001,United Kingdom,overview,2021-08-29,26131,130,24390,79440,
K02000001,United Kingdom,overview,2021-08-28,27592,126,43271,133688,
K02000001,United Kingdom,overview,2021-08-27,33734,129,44937,131456,
K02000001,United Kingdom,overview,2021-08-26,37608,116,55140,144936,
K02000001,United Kingdom,overview,2021-08-25,38768,103,68076,161705,
K02000001,United Kingdom,overview,2021-08-24,37671,114,55410,130676,
K02000001,United Kingdom,overview,2021-08-23,39710,117,46401,131283,
K02000001,United Kingdom,overview,2021-08-22,28728,119,40345,116352,
K02000001,United Kingdom,overview,2021-08-21,28515,106,73006,194881,
K02000001,United Kingdom,overview,2021-08-20,32223,118,60885,167392,
K02000001,United Kingdom,overview,2021-08-19,36485,109,55979,175059,
K02000001,United Kingdom,overview,2021-08-18,38735,101,47284,169223,
K02000001,United Kingdom,overview,2021-08-17,37909,109,43824,145875,
K02000001,United Kingdom,overview,2021-08-16,36895,83,35716,138390,
K02000001,United Kingdom,overview,2021-08-15,25321,87,31257,126383,
K02000001,United Kingdom,overview,2021-08-14,25057,96,46603,199584,
K02000001,United Kingdom,overview,2021-08-13,28969,107,40490,171585,
K02000001,United Kingdom,overview,2021-08-12,31722,108,44384,192559,
K02000001,United Kingdom,overview,2021-08-11,33347,89,41568,173761,
K02000001,United Kingdom,overview,2021-08-10,31514,81,37511,151143,
K02000001,United Kingdom,overview,2021-08-09,32157,82,32250,137028,
K02000001,United Kingdom,overview,2021-08-08,22885,81,22843,122070,
K02000001,United Kingdom,overview,2021-08-07,22566,95,37990,213583,
K02000001,United Kingdom,overview,2021-08-06,28058,95,36976,168356,
K02000001,United Kingdom,overview,2021-08-05,31660,102,35500,172692,
K02000001,United Kingdom,overview,2021-08-04,32337,80,33334,165669,
K02000001,United Kingdom,overview,2021-08-03,30445,74,29290,142761,
K02000001,United Kingdom,overview,2021-08-02,29834,80,26092,126192,
K02000001,United Kingdom,overview,2021-08-01,20899,95,21232,118044,
K02000001,United Kingdom,overview,2021-07-31,20568,90,38826,212014,
K02000001,United Kingdom,overview,2021-07-30,24745,108,36724,171096,
K02000001,United Kingdom,overview,2021-07-29,28430,81,42353,179918,
K02000001,United Kingdom,overview,2021-07-28,30235,88,43847,171173,
K02000001,United Kingdom,overview,2021-07-27,29574,72,35402,151650,
K02000001,United Kingdom,overview,2021-07-26,29977,76,30019,148936,
K02000001,United Kingdom,overview,2021-07-25,22172,72,24551,117956,
K02000001,United Kingdom,overview,2021-07-24,22848,74,43805,203886,
K02000001,United Kingdom,overview,2021-07-23,27764,85,42974,189341,
K02000001,United Kingdom,overview,2021-07-22,31274,78,44036,188297,
K02000001,United Kingdom,overview,2021-07-21,35535,55,45101,183338,
K02000001,United Kingdom,overview,2021-07-20,39869,58,39035,161279,
K02000001,United Kingdom,overview,2021-07-19,47910,82,35670,143560,
K02000001,United Kingdom,overview,2021-07-18,36180,69,18186,128878,
K02000001,United Kingdom,overview,2021-07-17,38473,52,67217,225214,
K02000001,United Kingdom,overview,2021-07-16,55262,52,69491,202314,
K02000001,United Kingdom,overview,2021-07-15,61996,52,61681,201893,
K02000001,United Kingdom,overview,2021-07-14,54909,43,60374,185661,
K02000001,United Kingdom,overview,2021-07-13,47704,50,59073,158276,
K02000001,United Kingdom,overview,2021-07-12,44505,41,54296,125360,
K02000001,United Kingdom,overview,2021-07-11,30502,35,42000,107620,
K02000001,United Kingdom,overview,2021-07-10,28373,42,93763,211446,
K02000001,United Kingdom,overview,2021-07-09,32799,48,90083,178819,
K02000001,United Kingdom,overview,2021-07-08,33999,42,96430,175467,
K02000001,United Kingdom,overview,2021-07-07,38593,29,86953,171477,
K02000001,United Kingdom,overview,2021-07-06,36040,32,85811,153126,
K02000001,United Kingdom,overview,2021-07-05,34897,29,76962,147814,
K02000001,United Kingdom,overview,2021-07-04,25155,29,77222,111410,
K02000001,United Kingdom,overview,2021-07-03,24007,29,137389,196209,
K02000001,United Kingdom,overview,2021-07-02,26340,28,123605,177478,
K02000001,United Kingdom,overview,2021-07-01,28794,25,152525,193066,
K02000001,United Kingdom,overview,2021-06-30,28922,22,141216,175749,
K02000001,United Kingdom,overview,2021-06-29,28199,24,137991,150688,
K02000001,United Kingdom,overview,2021-06-28,28418,13,127260,138016,
K02000001,United Kingdom,overview,2021-06-27,18502,22,139712,123555,
K02000001,United Kingdom,overview,2021-06-26,16300,17,234441,199505,
K02000001,United Kingdom,overview,2021-06-25,18169,22,202497,174770,
K02000001,United Kingdom,overview,2021-06-24,18712,23,221534,177813,
K02000001,United Kingdom,overview,2021-06-23,18350,8,207647,167988,
K02000001,United Kingdom,overview,2021-06-22,17403,13,299837,250875,
K02000001,United Kingdom,overview,2021-06-21,16307,16,21080,39325,
K02000001,United Kingdom,overview,2021-06-20,10087,25,163750,109408,
K02000001,United Kingdom,overview,2021-06-19,8445,23,280241,236363,
K02000001,United Kingdom,overview,2021-06-18,10320,12,223140,205677,
K02000001,United Kingdom,overview,2021-06-17,11106,6,243978,223260,
K02000001,United Kingdom,overview,2021-06-16,11051,13,195565,234834,
K02000001,United Kingdom,overview,2021-06-15,10796,21,190033,230666,
K02000001,United Kingdom,overview,2021-06-14,10362,10,132627,235928,
K02000001,United Kingdom,overview,2021-06-13,7135,10,147228,181121,
K02000001,United Kingdom,overview,2021-06-12,6284,14,254185,320326,
K02000001,United Kingdom,overview,2021-06-11,7619,6,208531,307192,
K02000001,United Kingdom,overview,2021-06-10,8042,11,201607,308038,
K02000001,United Kingdom,overview,2021-06-09,8210,9,176559,316258,
K02000001,United Kingdom,overview,2021-06-08,7896,10,136802,313482,
K02000001,United Kingdom,overview,2021-06-07,7945,6,112941,306068,
K02000001,United Kingdom,overview,2021-06-06,5533,8,127345,259941,
K02000001,United Kingdom,overview,2021-06-05,4731,7,203613,473378,
K02000001,United Kingdom,overview,2021-06-04,5860,13,179924,388031,
K02000001,United Kingdom,overview,2021-06-03,6256,12,191266,377641,
K02000001,United Kingdom,overview,2021-06-02,6168,13,172763,349019,
K02000001,United Kingdom,overview,2021-06-01,5431,4,108507,338565,
K02000001,United Kingdom,overview,2021-05-31,3897,8,93103,195546,
K02000001,United Kingdom,overview,2021-05-30,3164,9,124887,206322,
K02000001,United Kingdom,overview,2021-05-29,2999,9,183526,418848,
K02000001,United Kingdom,overview,2021-05-28,3589,8,204442,435951,
K02000001,United Kingdom,overview,2021-05-27,3747,9,256517,434096,
K02000001,United Kingdom,overview,2021-05-26,3921,13,236119,427458,
K02000001,United Kingdom,overview,2021-05-25,3427,7,186147,387987,
K02000001,United Kingdom,overview,2021-05-24,3368,9,122379,332955,
K02000001,United Kingdom,overview,2021-05-23,2326,9,126357,252139,
K02000001,United Kingdom,overview,2021-05-22,2000,5,205410,556951,
K02000001,United Kingdom,overview,2021-05-21,2365,10,219657,426683,
K02000001,United Kingdom,overview,2021-05-20,2517,6,268251,420312,
K02000001,United Kingdom,overview,2021-05-19,2812,5,264858,369018,
K02000001,United Kingdom,overview,2021-05-18,2812,6,174100,324001,
K02000001,United Kingdom,overview,2021-05-17,2858,8,106733,259049,
K02000001,United Kingdom,overview,2021-05-16,1922,8,131318,183745,
K02000001,United Kingdom,overview,2021-05-15,1626,8,237331,391246,
K02000001,United Kingdom,overview,2021-05-14,1936,6,220068,393402,
K02000001,United Kingdom,overview,2021-05-13,2182,7,209284,428041,
K02000001,United Kingdom,overview,2021-05-12,2335,11,184210,452437,
K02000001,United Kingdom,overview,2021-05-11,2328,15,135113,350147,
K02000001,United Kingdom,overview,2021-05-10,2808,10,115053,231835,
K02000001,United Kingdom,overview,2021-05-09,2307,9,100626,187171,
K02000001,United Kingdom,overview,2021-05-08,1606,9,169027,438837,
K02000001,United Kingdom,overview,2021-05-07,1981,12,133001,465822,
K02000001,United Kingdom,overview,2021-05-06,2325,11,135470,473001,
K02000001,United Kingdom,overview,2021-05-05,2568,13,139097,404226,
K02000001,United Kingdom,overview,2021-05-04,2550,10,127170,257486,
K02000001,United Kingdom,overview,2021-05-03,2084,10,72600,127499,
K02000001,United Kingdom,overview,2021-05-02,1521,14,89924,172891,
K02000001,United Kingdom,overview,2021-05-01,1431,9,143175,372304,
K02000001,United Kingdom,overview,2021-04-30,1825,12,145589,421785,
K02000001,United Kingdom,overview,2021-04-29,2230,16,122568,491567,
K02000001,United Kingdom,overview,2021-04-28,2499,16,134140,462885,
K02000001,United Kingdom,overview,2021-04-27,2177,16,116328,379265,
K02000001,United Kingdom,overview,2021-04-26,2627,13,90695,304688,
K02000001,United Kingdom,overview,2021-04-25,2119,15,79695,260801,
K02000001,United Kingdom,overview,2021-04-24,1564,8,148767,547636,
K02000001,United Kingdom,overview,2021-04-23,2020,23,135786,465015,
K02000001,United Kingdom,overview,2021-04-22,2409,17,130986,431070,
K02000001,United Kingdom,overview,2021-04-21,2709,24,117909,416784,
K02000001,United Kingdom,overview,2021-04-20,2541,19,107622,350027,
K02000001,United Kingdom,overview,2021-04-19,2738,18,99672,273751,
K02000001,United Kingdom,overview,2021-04-18,2584,18,83225,221193,
K02000001,United Kingdom,overview,2021-04-17,1721,25,139445,499635,
K02000001,United Kingdom,overview,2021-04-16,2347,19,135557,499664,
K02000001,United Kingdom,overview,2021-04-15,2344,22,129782,417683,
K02000001,United Kingdom,overview,2021-04-14,2512,18,117835,343783,
K02000001,United Kingdom,overview,2021-04-13,2495,21,76123,312685,
K02000001,United Kingdom,overview,2021-04-12,2878,29,59905,201191,
K02000001,United Kingdom,overview,2021-04-11,2376,24,69223,189665,
K02000001,United Kingdom,overview,2021-04-10,2380,25,111109,475230,
K02000001,United Kingdom,overview,2021-04-09,2952,26,106878,450136,
K02000001,United Kingdom,overview,2021-04-08,3147,36,96242,449269,
K02000001,United Kingdom,overview,2021-04-07,3253,28,99530,408396,
K02000001,United Kingdom,overview,2021-04-06,3312,28,85227,186793,
K02000001,United Kingdom,overview,2021-04-05,2744,18,40744,64590,
K02000001,United Kingdom,overview,2021-04-04,2412,27,48055,47708,
K02000001,United Kingdom,overview,2021-04-03,2506,31,107886,178913,
K02000001,United Kingdom,overview,2021-04-02,2747,31,107420,246631,
K02000001,United Kingdom,overview,2021-04-01,3674,32,170818,445416,
K02000001,United Kingdom,overview,2021-03-31,3967,39,239434,387574,
K02000001,United Kingdom,overview,2021-03-30,3779,43,225917,277682,
K02000001,United Kingdom,overview,2021-03-29,4196,36,236809,168230,
K02000001,United Kingdom,overview,2021-03-28,5029,34,293548,147594,
K02000001,United Kingdom,overview,2021-03-27,3731,39,424301,238861,
K02000001,United Kingdom,overview,2021-03-26,4567,48,411305,283654,
K02000001,United Kingdom,overview,2021-03-25,5616,46,324942,234382,
K02000001,United Kingdom,overview,2021-03-24,6222,41,337665,242642,
K02000001,United Kingdom,overview,2021-03-23,5481,52,325650,169155,
K02000001,United Kingdom,overview,2021-03-22,6458,68,329897,82300,
K02000001,United Kingdom,overview,2021-03-21,5388,81,367006,52612,
K02000001,United Kingdom,overview,2021-03-20,4246,64,752308,91977,
K02000001,United Kingdom,overview,2021-03-19,5176,70,614930,125725,
K02000001,United Kingdom,overview,2021-03-18,5623,58,528260,132016,
K02000001,United Kingdom,overview,2021-03-17,5976,80,462246,119609,
K02000001,United Kingdom,overview,2021-03-16,5849,83,433320,95799,
K02000001,United Kingdom,overview,2021-03-15,6697,95,386685,53366,
K02000001,United Kingdom,overview,2021-03-14,4425,98,257010,25371,
K02000001,United Kingdom,overview,2021-03-13,4379,106,512108,52155,
K02000001,United Kingdom,overview,2021-03-12,5716,93,369578,87676,
K02000001,United Kingdom,overview,2021-03-11,5933,125,260809,93563,
K02000001,United Kingdom,overview,2021-03-10,6251,118,243887,97162,
K02000001,United Kingdom,overview,2021-03-09,6487,137,217301,72922,
K02000001,United Kingdom,overview,2021-03-08,6890,144,215273,38788,
K02000001,United Kingdom,overview,2021-03-07,4410,133,164143,20241,
K02000001,United Kingdom,overview,2021-03-06,4628,153,416834,31562,
K02000001,United Kingdom,overview,2021-03-05,5467,169,437463,56772,
K02000001,United Kingdom,overview,2021-03-04,5937,154,376244,70206,
K02000001,United Kingdom,overview,2021-03-03,6172,147,278956,68450,
K02000001,United Kingdom,overview,2021-03-02,6919,184,224996,51314,
K02000001,United Kingdom,overview,2021-03-01,7191,224,203168,28282,
K02000001,United Kingdom,overview,2021-02-28,4873,214,185900,19684,
K02000001,United Kingdom,overview,2021-02-27,4949,230,407503,27322,
K02000001,United Kingdom,overview,2021-02-26,6783,229,504493,32773,
K02000001,United Kingdom,overview,2021-02-25,8025,260,485720,35319,
K02000001,United Kingdom,overview,2021-02-24,8845,275,448962,31613,
K02000001,United Kingdom,overview,2021-02-23,9762,290,326692,26317,
K02000001,United Kingdom,overview,2021-02-22,11655,282,192341,18463,
K02000001,United Kingdom,overview,2021-02-21,8097,327,141719,9177,
K02000001,United Kingdom,overview,2021-02-20,8312,353,334679,10263,
K02000001,United Kingdom,overview,2021-02-19,10728,382,371906,15294,
K02000001,United Kingdom,overview,2021-02-18,11794,420,452454,15867,
K02000001,United Kingdom,overview,2021-02-17,11942,431,482110,15147,
K02000001,United Kingdom,overview,2021-02-16,12941,448,364865,12412,
K02000001,United Kingdom,overview,2021-02-15,14735,519,275956,6535,
K02000001,United Kingdom,overview,2021-02-14,8994,497,237962,1915,
K02000001,United Kingdom,overview,2021-02-13,9034,491,505362,2846,
K02000001,United Kingdom,overview,2021-02-12,12573,534,544603,4775,
K02000001,United Kingdom,overview,2021-02-11,13139,576,503116,5647,
K02000001,United Kingdom,overview,2021-02-10,13899,610,450810,4894,
K02000001,United Kingdom,overview,2021-02-09,14225,612,411812,3161,
K02000001,United Kingdom,overview,2021-02-08,16193,680,352480,3811,
K02000001,United Kingdom,overview,2021-02-07,11664,638,278988,862,
K02000001,United Kingdom,overview,2021-02-06,12320,702,549808,1662,
K02000001,United Kingdom,overview,2021-02-05,16308,754,494163,4064,
K02000001,United Kingdom,overview,2021-02-04,18492,720,480560,4036,
K02000001,United Kingdom,overview,2021-02-03,19914,864,469016,2995,
K02000001,United Kingdom,overview,2021-02-02,20268,853,374756,2166,
K02000001,United Kingdom,overview,2021-02-01,22971,897,350348,2587,
K02000001,United Kingdom,overview,2021-01-31,15783,896,319038,3156,
K02000001,United Kingdom,overview,2021-01-30,17167,914,598389,10621,
K02000001,United Kingdom,overview,2021-01-29,22433,1069,487756,2178,
K02000001,United Kingdom,overview,2021-01-28,24772,1112,414419,1769,
K02000001,United Kingdom,overview,2021-01-27,26303,1115,312378,2329,
K02000001,United Kingdom,overview,2021-01-26,27730,1067,311060,1710,
K02000001,United Kingdom,overview,2021-01-25,30736,1169,279757,1968,
K02000001,United Kingdom,overview,2021-01-24,17554,1159,220249,818,
K02000001,United Kingdom,overview,2021-01-23,22344,1173,491970,1043,
K02000001,United Kingdom,overview,2021-01-22,30330,1247,478248,1821,
K02000001,United Kingdom,overview,2021-01-21,32501,1238,409855,2760,
K02000001,United Kingdom,overview,2021-01-20,35985,1299,363508,3411,
K02000001,United Kingdom,overview,2021-01-19,40526,1366,343163,3759,
K02000001,United Kingdom,overview,2021-01-18,45956,1299,204076,4565,
K02000001,United Kingdom,overview,2021-01-17,29592,1272,190107,2239,
K02000001,United Kingdom,overview,2021-01-16,31247,1310,296131,2620,
K02000001,United Kingdom,overview,2021-01-15,41450,1228,341317,4208,
K02000001,United Kingdom,overview,2021-01-14,43473,1232,316694,5257,
K02000001,United Kingdom,overview,2021-01-13,46506,1220,278943,9745,
K02000001,United Kingdom,overview,2021-01-12,50647,1213,207661,16065,
K02000001,United Kingdom,overview,2021-01-11,58591,1132,145076,20768,
K02000001,United Kingdom,overview,2021-01-10,37174,1099,,,
K02000001,United Kingdom,overview,2021-01-09,40035,1023,,,
K02000001,United Kingdom,overview,2021-01-08,48104,989,,,
K02000001,United Kingdom,overview,2021-01-07,53187,997,,,
K02000001,United Kingdom,overview,2021-01-06,58783,938,,,
K02000001,United Kingdom,overview,2021-01-05,66635,909,,,
K02000001,United Kingdom,overview,2021-01-04,77970,845,,,
K02000001,United Kingdom,overview,2021-01-03,56332,762,,,
K02000001,United Kingdom,overview,2021-01-02,61654,762,,,
K02000001,United Kingdom,overview,2021-01-01,32482,751,,,
K02000001,United Kingdom,overview,2020-12-31,53945,758,,,
K02000001,United Kingdom,overview,2020-12-30,72161,723,,,
K02000001,United Kingdom,overview,2020-12-29,83088,660,,,
K02000001,United Kingdom,overview,2020-12-28,46407,680,,,
K02000001,United Kingdom,overview,2020-12-27,48519,660,,,
K02000001,United Kingdom,overview,2020-12-26,41109,658,,,
K02000001,United Kingdom,overview,2020-12-25,14419,615,,,
K02000001,United Kingdom,overview,2020-12-24,32391,585,,,
K02000001,United Kingdom,overview,2020-12-23,42936,566,,,
K02000001,United Kingdom,overview,2020-12-22,46475,564,,,
K02000001,United Kingdom,overview,2020-12-21,48192,577,,,
K02000001,United Kingdom,overview,2020-12-20,33064,506,,,
K02000001,United Kingdom,overview,2020-12-19,25589,491,,,
K02000001,United Kingdom,overview,2020-12-18,36417,516,,,
K02000001,United Kingdom,overview,2020-12-17,34440,539,,,
K02000001,United Kingdom,overview,2020-12-16,35438,432,,,
K02000001,United Kingdom,overview,2020-12-15,34414,462,,,
K02000001,United Kingdom,overview,2020-12-14,35221,481,,,
K02000001,United Kingdom,overview,2020-12-13,22279,421,,,
K02000001,United Kingdom,overview,2020-12-12,19592,440,,,
K02000001,United Kingdom,overview,2020-12-11,24425,455,,,
K02000001,United Kingdom,overview,2020-12-10,22927,450,,,
K02000001,United Kingdom,overview,2020-12-09,21937,433,,,
K02000001,United Kingdom,overview,2020-12-08,21097,436,,,
K02000001,United Kingdom,overview,2020-12-07,21644,426,,,
K02000001,United Kingdom,overview,2020-12-06,13765,422,,,
K02000001,United Kingdom,overview,2020-12-05,12917,395,,,
K02000001,United Kingdom,overview,2020-12-04,15866,476,,,
K02000001,United Kingdom,overview,2020-12-03,15926,477,,,
K02000001,United Kingdom,overview,2020-12-02,16748,387,,,
K02000001,United Kingdom,overview,2020-12-01,16745,400,,,
K02000001,United Kingdom,overview,2020-11-30,18265,425,,,
K02000001,United Kingdom,overview,2020-11-29,10874,466,,,
K02000001,United Kingdom,overview,2020-11-28,11105,471,,,
K02000001,United Kingdom,overview,2020-11-27,14597,429,,,
K02000001,United Kingdom,overview,2020-11-26,14817,433,,,
K02000001,United Kingdom,overview,2020-11-25,16857,488,,,
K02000001,United Kingdom,overview,2020-11-24,16705,465,,,
K02000001,United Kingdom,overview,2020-11-23,19083,465,,,
K02000001,United Kingdom,overview,2020-11-22,11913,479,,,
K02000001,United Kingdom,overview,2020-11-21,12556,469,,,
K02000001,United Kingdom,overview,2020-11-20,17134,455,,,
K02000001,United Kingdom,overview,2020-11-19,18074,466,,,
K02000001,United Kingdom,overview,2020-11-18,21118,491,,,
K02000001,United Kingdom,overview,2020-11-17,23531,444,,,
K02000001,United Kingdom,overview,2020-11-16,27006,424,,,
K02000001,United Kingdom,overview,2020-11-15,16258,456,,,
K02000001,United Kingdom,overview,2020-11-14,18258,436,,,
K02000001,United Kingdom,overview,2020-11-13,24438,438,,,
K02000001,United Kingdom,overview,2020-11-12,24876,423,,,
K02000001,United Kingdom,overview,2020-11-11,27792,391,,,
K02000001,United Kingdom,overview,2020-11-10,27828,392,,,
K02000001,United Kingdom,overview,2020-11-09,31556,486,,,
K02000001,United Kingdom,overview,2020-11-08,20252,418,,,
K02000001,United Kingdom,overview,2020-11-07,18784,394,,,
K02000001,United Kingdom,overview,2020-11-06,23714,403,,,
K02000001,United Kingdom,overview,2020-11-05,24102,383,,,
K02000001,United Kingdom,overview,2020-11-04,24055,329,,,
K02000001,United Kingdom,overview,2020-11-03,25989,363,,,
K02000001,United Kingdom,overview,2020-11-02,32003,341,,,
K02000001,United Kingdom,overview,2020-11-01,16001,361,,,
K02000001,United Kingdom,overview,2020-10-31,16702,326,,,
K02000001,United Kingdom,overview,2020-10-30,22896,340,,,
K02000001,United Kingdom,overview,2020-10-29,23649,314,,,
K02000001,United Kingdom,overview,2020-10-28,23907,287,,,
K02000001,United Kingdom,overview,2020-10-27,24360,269,,,
K02000001,United Kingdom,overview,2020-10-26,26807,282,,,
K02000001,United Kingdom,overview,2020-10-25,15905,252,,,
K02000001,United Kingdom,overview,2020-10-24,16464,214,,,
K02000001,United Kingdom,overview,2020-10-23,21714,224,,,
K02000001,United Kingdom,overview,2020-10-22,23497,236,,,
K02000001,United Kingdom,overview,2020-10-21,25785,221,,,
K02000001,United Kingdom,overview,2020-10-20,25680,200,,,
K02000001,United Kingdom,overview,2020-10-19,25926,192,,,
K02000001,United Kingdom,overview,2020-10-18,14330,161,,,
K02000001,United Kingdom,overview,2020-10-17,14888,179,,,
K02000001,United Kingdom,overview,2020-10-16,17938,150,,,
K02000001,United Kingdom,overview,2020-10-15,18639,151,,,
K02000001,United Kingdom,overview,2020-10-14,19933,117,,,
K02000001,United Kingdom,overview,2020-10-13,19135,111,,,
K02000001,United Kingdom,overview,2020-10-12,19710,114,,,
K02000001,United Kingdom,overview,2020-10-11,12213,125,,,
K02000001,United Kingdom,overview,2020-10-10,12652,104,,,
K02000001,United Kingdom,overview,2020-10-09,15903,80,,,
K02000001,United Kingdom,overview,2020-10-08,18427,95,,,
K02000001,United Kingdom,overview,2020-10-07,18575,102,,,
K02000001,United Kingdom,overview,2020-10-06,17250,71,,,
K02000001,United Kingdom,overview,2020-10-05,16755,72,,,
K02000001,United Kingdom,overview,2020-10-04,11954,60,,,
K02000001,United Kingdom,overview,2020-10-03,11667,67,,,
K02000001,United Kingdom,overview,2020-10-02,13854,70,,,
K02000001,United Kingdom,overview,2020-10-01,13358,67,,,
K02000001,United Kingdom,overview,2020-09-30,12717,57,,,
K02000001,United Kingdom,overview,2020-09-29,10367,48,,,
K02000001,United Kingdom,overview,2020-09-28,9983,54,,,
K02000001,United Kingdom,overview,2020-09-27,7023,49,,,
K02000001,United Kingdom,overview,2020-09-26,6809,39,,,
K02000001,United Kingdom,overview,2020-09-25,7318,33,,,
K02000001,United Kingdom,overview,2020-09-24,7682,35,,,
K02000001,United Kingdom,overview,2020-09-23,7096,58,,,
K02000001,United Kingdom,overview,2020-09-22,6441,40,,,
K02000001,United Kingdom,overview,2020-09-21,5627,27,,,
K02000001,United Kingdom,overview,2020-09-20,5340,32,,,
K02000001,United Kingdom,overview,2020-09-19,4889,20,,,
K02000001,United Kingdom,overview,2020-09-18,4973,24,,,
K02000001,United Kingdom,overview,2020-09-17,4675,28,,,
K02000001,United Kingdom,overview,2020-09-16,4399,27,,,
K02000001,United Kingdom,overview,2020-09-15,3551,18,,,
K02000001,United Kingdom,overview,2020-09-14,3428,21,,,
K02000001,United Kingdom,overview,2020-09-13,2154,17,,,
K02000001,United Kingdom,overview,2020-09-12,2670,18,,,
K02000001,United Kingdom,overview,2020-09-11,3324,13,,,
K02000001,United Kingdom,overview,2020-09-10,3628,13,,,
K02000001,United Kingdom,overview,2020-09-09,3365,10,,,
K02000001,United Kingdom,overview,2020-09-08,3370,10,,,
K02000001,United Kingdom,overview,2020-09-07,3931,15,,,
K02000001,United Kingdom,overview,2020-09-06,2465,9,,,
K02000001,United Kingdom,overview,2020-09-05,2551,13,,,
K02000001,United Kingdom,overview,2020-09-04,3092,9,,,
K02000001,United Kingdom,overview,2020-09-03,3152,10,,,
K02000001,United Kingdom,overview,2020-09-02,3077,10,,,
K02000001,United Kingdom,overview,2020-09-01,2288,5,,,
K02000001,United Kingdom,overview,2020-08-31,1513,10,,,
K02000001,United Kingdom,overview,2020-08-30,1171,6,,,
K02000001,United Kingdom,overview,2020-08-29,1230,5,,,
K02000001,United Kingdom,overview,2020-08-28,1632,11,,,
K02000001,United Kingdom,overview,2020-08-27,1591,9,,,
K02000001,United Kingdom,overview,2020-08-26,1388,11,,,
K02000001,United Kingdom,overview,2020-08-25,1270,12,,,
K02000001,United Kingdom,overview,2020-08-24,1301,6,,,
K02000001,United Kingdom,overview,2020-08-23,831,16,,,
K02000001,United Kingdom,overview,2020-08-22,842,9,,,
K02000001,United Kingdom,overview,2020-08-21,1218,7,,,
K02000001,United Kingdom,overview,2020-08-20,1498,8,,,
K02000001,United Kingdom,overview,2020-08-19,1282,4,,,
K02000001,United Kingdom,overview,2020-08-18,1116,9,,,
K02000001,United Kingdom,overview,2020-08-17,1298,12,,,
K02000001,United Kingdom,overview,2020-08-16,602,4,,,
K02000001,United Kingdom,overview,2020-08-15,714,12,,,
K02000001,United Kingdom,overview,2020-08-14,1185,7,,,
K02000001,United Kingdom,overview,2020-08-13,1156,9,,,
K02000001,United Kingdom,overview,2020-08-12,1242,7,,,
K02000001,United Kingdom,overview,2020-08-11,1378,10,,,
K02000001,United Kingdom,overview,2020-08-10,1499,13,,,
K02000001,United Kingdom,overview,2020-08-09,627,9,,,
K02000001,United Kingdom,overview,2020-08-08,710,14,,,
K02000001,United Kingdom,overview,2020-08-07,973,13,,,
K02000001,United Kingdom,overview,2020-08-06,1105,9,,,
K02000001,United Kingdom,overview,2020-08-05,1092,6,,,
K02000001,United Kingdom,overview,2020-08-04,1065,14,,,
K02000001,United Kingdom,overview,2020-08-03,1060,16,,,
K02000001,United Kingdom,overview,2020-08-02,564,10,,,
K02000001,United Kingdom,overview,2020-08-01,559,11,,,
K02000001,United Kingdom,overview,2020-07-31,697,14,,,
K02000001,United Kingdom,overview,2020-07-30,946,10,,,
K02000001,United Kingdom,overview,2020-07-29,1062,12,,,
K02000001,United Kingdom,overview,2020-07-28,856,12,,,
K02000001,United Kingdom,overview,2020-07-27,869,12,,,
K02000001,United Kingdom,overview,2020-07-26,563,17,,,
K02000001,United Kingdom,overview,2020-07-25,530,17,,,
K02000001,United Kingdom,overview,2020-07-24,774,7,,,
K02000001,United Kingdom,overview,2020-07-23,808,16,,,
K02000001,United Kingdom,overview,2020-07-22,816,18,,,
K02000001,United Kingdom,overview,2020-07-21,788,20,,,
K02000001,United Kingdom,overview,2020-07-20,830,12,,,
K02000001,United Kingdom,overview,2020-07-19,448,14,,,
K02000001,United Kingdom,overview,2020-07-18,505,14,,,
K02000001,United Kingdom,overview,2020-07-17,582,18,,,
K02000001,United Kingdom,overview,2020-07-16,712,13,,,
K02000001,United Kingdom,overview,2020-07-15,777,20,,,
K02000001,United Kingdom,overview,2020-07-14,705,21,,,
K02000001,United Kingdom,overview,2020-07-13,740,25,,,
K02000001,United Kingdom,overview,2020-07-12,366,14,,,
K02000001,United Kingdom,overview,2020-07-11,459,21,,,
K02000001,United Kingdom,overview,2020-07-10,568,22,,,
K02000001,United Kingdom,overview,2020-07-09,722,37,,,
K02000001,United Kingdom,overview,2020-07-08,713,24,,,
K02000001,United Kingdom,overview,2020-07-07,608,27,,,
K02000001,United Kingdom,overview,2020-07-06,714,36,,,
K02000001,United Kingdom,overview,2020-07-05,0,27,,,
K02000001,United Kingdom,overview,2020-07-04,399,33,,,
K02000001,United Kingdom,overview,2020-07-03,568,29,,,
K02000001,United Kingdom,overview,2020-07-02,606,43,,,
K02000001,United Kingdom,overview,2020-07-01,652,26,,,
K02000001,United Kingdom,overview,2020-06-30,623,47,,,
K02000001,United Kingdom,overview,2020-06-29,724,39,,,
K02000001,United Kingdom,overview,2020-06-28,449,45,,,
K02000001,United Kingdom,overview,2020-06-27,653,50,,,
K02000001,United Kingdom,overview,2020-06-26,666,42,,,
K02000001,United Kingdom,overview,2020-06-25,726,68,,,
K02000001,United Kingdom,overview,2020-06-24,0,74,,,
K02000001,United Kingdom,overview,2020-06-23,883,65,,,
K02000001,United Kingdom,overview,2020-06-22,899,64,,,
K02000001,United Kingdom,overview,2020-06-21,636,54,,,
K02000001,United Kingdom,overview,2020-06-20,683,60,,,
K02000001,United Kingdom,overview,2020-06-19,993,52,,,
K02000001,United Kingdom,overview,2020-06-18,1022,61,,,
K02000001,United Kingdom,overview,2020-06-17,1017,59,,,
K02000001,United Kingdom,overview,2020-06-16,1103,84,,,
K02000001,United Kingdom,overview,2020-06-15,1045,72,,,
K02000001,United Kingdom,overview,2020-06-14,826,86,,,
K02000001,United Kingdom,overview,2020-06-13,886,63,,,
K02000001,United Kingdom,overview,2020-06-12,1053,80,,,
K02000001,United Kingdom,overview,2020-06-11,1013,81,,,
K02000001,United Kingdom,overview,2020-06-10,1196,109,,,
K02000001,United Kingdom,overview,2020-06-09,1165,90,,,
K02000001,United Kingdom,overview,2020-06-08,1099,125,,,
K02000001,United Kingdom,overview,2020-06-07,722,128,,,
K02000001,United Kingdom,overview,2020-06-06,804,111,,,
K02000001,United Kingdom,overview,2020-06-05,1123,123,,,
K02000001,United Kingdom,overview,2020-06-04,1249,134,,,
K02000001,United Kingdom,overview,2020-06-03,1369,155,,,
K02000001,United Kingdom,overview,2020-06-02,1492,168,,,
K02000001,United Kingdom,overview,2020-06-01,1438,134,,,
K02000001,United Kingdom,overview,2020-05-31,1080,127,,,
K02000001,United Kingdom,overview,2020-05-30,1132,163,,,
K02000001,United Kingdom,overview,2020-05-29,1531,186,,,
K02000001,United Kingdom,overview,2020-05-28,1757,217,,,
K02000001,United Kingdom,overview,2020-05-27,1825,198,,,
K02000001,United Kingdom,overview,2020-05-26,2070,214,,,
K02000001,United Kingdom,overview,2020-05-25,1625,200,,,
K02000001,United Kingdom,overview,2020-05-24,1373,197,,,
K02000001,United Kingdom,overview,2020-05-23,1532,220,,,
K02000001,United Kingdom,overview,2020-05-22,2057,223,,,
K02000001,United Kingdom,overview,2020-05-21,2567,238,,,
K02000001,United Kingdom,overview,2020-05-20,2719,268,,,
K02000001,United Kingdom,overview,2020-05-19,3063,276,,,
K02000001,United Kingdom,overview,2020-05-18,2581,293,,,
K02000001,United Kingdom,overview,2020-05-17,1837,267,,,
K02000001,United Kingdom,overview,2020-05-16,2082,314,,,
K02000001,United Kingdom,overview,2020-05-15,2530,314,,,
K02000001,United Kingdom,overview,2020-05-14,2630,334,,,
K02000001,United Kingdom,overview,2020-05-13,3330,317,,,
K02000001,United Kingdom,overview,2020-05-12,3410,321,,,
K02000001,United Kingdom,overview,2020-05-11,3612,309,,,
K02000001,United Kingdom,overview,2020-05-10,2337,348,,,
K02000001,United Kingdom,overview,2020-05-09,2170,379,,,
K02000001,United Kingdom,overview,2020-05-08,3064,384,,,
K02000001,United Kingdom,overview,2020-05-07,3787,461,,,
K02000001,United Kingdom,overview,2020-05-06,3832,460,,,
K02000001,United Kingdom,overview,2020-05-05,3686,465,,,
K02000001,United Kingdom,overview,2020-05-04,3398,484,,,
K02000001,United Kingdom,overview,2020-05-03,3002,450,,,
K02000001,United Kingdom,overview,2020-05-02,3258,494,,,
K02000001,United Kingdom,overview,2020-05-01,4766,568,,,
K02000001,United Kingdom,overview,2020-04-30,4961,551,,,
K02000001,United Kingdom,overview,2020-04-29,5433,573,,,
K02000001,United Kingdom,overview,2020-04-28,4720,559,,,
K02000001,United Kingdom,overview,2020-04-27,4739,595,,,
K02000001,United Kingdom,overview,2020-04-26,3476,633,,,
K02000001,United Kingdom,overview,2020-04-25,3757,647,,,
K02000001,United Kingdom,overview,2020-04-24,4961,683,,,
K02000001,United Kingdom,overview,2020-04-23,5167,678,,,
K02000001,United Kingdom,overview,2020-04-22,5517,731,,,
K02000001,United Kingdom,overview,2020-04-21,4795,745,,,
K02000001,United Kingdom,overview,2020-04-20,4441,783,,,
K02000001,United Kingdom,overview,2020-04-19,3881,771,,,
K02000001,United Kingdom,overview,2020-04-18,4743,800,,,
K02000001,United Kingdom,overview,2020-04-17,4977,819,,,
K02000001,United Kingdom,overview,2020-04-16,5292,843,,,
K02000001,United Kingdom,overview,2020-04-15,5070,878,,,
K02000001,United Kingdom,overview,2020-04-14,4335,859,,,
K02000001,United Kingdom,overview,2020-04-13,4203,896,,,
K02000001,United Kingdom,overview,2020-04-12,3507,958,,,
K02000001,United Kingdom,overview,2020-04-11,3585,956,,,
K02000001,United Kingdom,overview,2020-04-10,4327,944,,,
K02000001,United Kingdom,overview,2020-04-09,4875,1003,,,
K02000001,United Kingdom,overview,2020-04-08,5146,1077,,,
K02000001,United Kingdom,overview,2020-04-07,5477,998,,,
K02000001,United Kingdom,overview,2020-04-06,5273,895,,,
K02000001,United Kingdom,overview,2020-04-05,3556,917,,,
K02000001,United Kingdom,overview,2020-04-04,3976,907,,,
K02000001,United Kingdom,overview,2020-04-03,4852,840,,,
K02000001,United Kingdom,overview,2020-04-02,4824,806,,,
K02000001,United Kingdom,overview,2020-04-01,4891,769,,,
K02000001,United Kingdom,overview,2020-03-31,4463,662,,,
K02000001,United Kingdom,overview,2020-03-30,4195,590,,,
K02000001,United Kingdom,overview,2020-03-29,2818,506,,,
K02000001,United Kingdom,overview,2020-03-28,2774,436,,,
K02000001,United Kingdom,overview,2020-03-27,3154,398,,,
K02000001,United Kingdom,overview,2020-03-26,3039,363,,,
K02000001,United Kingdom,overview,2020-03-25,2666,303,,,
K02000001,United Kingdom,overview,2020-03-24,2354,237,,,
K02000001,United Kingdom,overview,2020-03-23,2290,186,,,
K02000001,United Kingdom,overview,2020-03-22,0,164,,,
K02000001,United Kingdom,overview,2020-03-21,0,130,,,
K02000001,United Kingdom,overview,2020-03-20,0,109,,,
K02000001,United Kingdom,overview,2020-03-19,0,73,,,
K02000001,United Kingdom,overview,2020-03-18,981,68,,,
K02000001,United Kingdom,overview,2020-03-17,783,53,,,
K02000001,United Kingdom,overview,2020-03-16,602,47,,,
K02000001,United Kingdom,overview,2020-03-15,441,32,,,
K02000001,United Kingdom,overview,2020-03-14,352,22,,,
K02000001,United Kingdom,overview,2020-03-13,478,16,,,
K02000001,United Kingdom,overview,2020-03-12,484,13,,,
K02000001,United Kingdom,overview,2020-03-11,403,8,,,
K02000001,United Kingdom,overview,2020-03-10,265,3,,,
K02000001,United Kingdom,overview,2020-03-09,148,5,,,
K02000001,United Kingdom,overview,2020-03-08,55,3,,,
K02000001,United Kingdom,overview,2020-03-07,68,0,,,
K02000001,United Kingdom,overview,2020-03-06,83,0,,,
K02000001,United Kingdom,overview,2020-03-05,49,3,,,
K02000001,United Kingdom,overview,2020-03-04,56,0,,,
K02000001,United Kingdom,overview,2020-03-03,57,2,,,
K02000001,United Kingdom,overview,2020-03-02,41,1,,,
K02000001,United Kingdom,overview,2020-03-01,20,,,,
K02000001,United Kingdom,overview,2020-02-29,4,,,,
K02000001,United Kingdom,overview,2020-02-28,12,,,,
K02000001,United Kingdom,overview,2020-02-27,8,,,,
K02000001,United Kingdom,overview,2020-02-26,2,,,,
K02000001,United Kingdom,overview,2020-02-25,3,,,,
K02000001,United Kingdom,overview,2020-02-24,2,,,,
K02000001,United Kingdom,overview,2020-02-23,6,,,,
K02000001,United Kingdom,overview,2020-02-22,0,,,,
K02000001,United Kingdom,overview,2020-02-21,2,,,,
K02000001,United Kingdom,overview,2020-02-20,0,,,,
K02000001,United Kingdom,overview,2020-02-19,0,,,,
K02000001,United Kingdom,overview,2020-02-18,0,,,,
K02000001,United Kingdom,overview,2020-02-17,1,,,,
K02000001,United Kingdom,overview,2020-02-16,0,,,,
K02000001,United Kingdom,overview,2020-02-15,0,,,,
K02000001,United Kingdom,overview,2020-02-14,0,,,,
K02000001,United Kingdom,overview,2020-02-13,1,,,,
K02000001,United Kingdom,overview,2020-02-12,1,,,,
K02000001,United Kingdom,overview,2020-02-11,4,,,,
K02000001,United Kingdom,overview,2020-02-10,1,,,,
K02000001,United Kingdom,overview,2020-02-09,1,,,,
K02000001,United Kingdom,overview,2020-02-08,3,,,,
K02000001,United Kingdom,overview,2020-02-07,0,,,,
K02000001,United Kingdom,overview,2020-02-06,0,,,,
K02000001,United Kingdom,overview,2020-02-05,1,,,,
K02000001,United Kingdom,overview,2020-02-04,0,,,,
K02000001,United Kingdom,overview,2020-02-03,19,,,,
K02000001,United Kingdom,overview,2020-02-02,1,,,,
K02000001,United Kingdom,overview,2020-02-01,0,,,,
K02000001,United Kingdom,overview,2020-01-31,0,,,,
K02000001,United Kingdom,overview,2020-01-30,1,,,,
